{
  "best_model": "random_forest",
  "best_auc": 0.5099722773317916,
  "models": {
    "random_forest": {
      "auc": 0.5099722773317916,
      "accuracy": 0.917
    },
    "gradient_boosting": {
      "auc": 0.47420872147258597,
      "accuracy": 0.913
    },
    "logistic_regression": {
      "auc": 0.42655463730603993,
      "accuracy": 0.917
    }
  }
}